Position,Name + ID,Name,ID,Roster Position,Salary,Game Info,TeamAbbrev,AvgPointsPerGame,Status,Starting
D,Kyle Larson (44343072),Kyle Larson,44343072,D,11500,South Point 400,Nasca,38.7,,
D,Denny Hamlin (44343073),Denny Hamlin,44343073,D,11000,South Point 400,Nasca,55.1,,
D,Christopher Bell (44343074),Christopher Bell,44343074,D,10700,South Point 400,Nasca,41.6,,
D,Tyler Reddick (44343075),Tyler Reddick,44343075,D,10500,South Point 400,Nasca,38.3,,
D,Ryan Blaney (44343076),Ryan Blaney,44343076,D,10200,South Point 400,Nasca,46.6,,
D,Chase Briscoe (44343077),Chase Briscoe,44343077,D,9900,South Point 400,Nasca,36.8,,
D,Joey Logano (44343078),Joey Logano,44343078,D,9500,South Point 400,Nasca,34.4,,
D,William Byron (44343079),William Byron,44343079,D,9200,South Point 400,Nasca,30.7,,
D,Ty Gibbs (44343080),Ty Gibbs,44343080,D,8900,South Point 400,Nasca,36.2,,
D,Carson Hocevar (44343081),Carson Hocevar,44343081,D,8700,South Point 400,Nasca,29.5,,
D,Chase Elliott (44343082),Chase Elliott,44343082,D,8500,South Point 400,Nasca,33.9,,
D,Bubba Wallace (44343083),Bubba Wallace,44343083,D,8200,South Point 400,Nasca,33.2,,
D,Austin Cindric (44343084),Austin Cindric,44343084,D,7900,South Point 400,Nasca,31.1,,
D,Chris Buescher (44343085),Chris Buescher,44343085,D,7600,South Point 400,Nasca,27.3,,
D,Alex Bowman (44343086),Alex Bowman,44343086,D,7300,South Point 400,Nasca,24.4,,
D,Ross Chastain (44343087),Ross Chastain,44343087,D,7100,South Point 400,Nasca,23.8,,
D,Brad Keselowski (44343088),Brad Keselowski,44343088,D,7000,South Point 400,Nasca,30.2,,
D,Josh Berry (44343089),Josh Berry,44343089,D,6900,South Point 400,Nasca,23.7,,
D,Ryan Preece (44343090),Ryan Preece,44343090,D,6700,South Point 400,Nasca,32.0,,
D,Daniel Suarez (44343091),Daniel Suarez,44343091,D,6600,South Point 400,Nasca,30.4,,
D,Shane Van Gisbergen (44343092),Shane Van Gisbergen,44343092,D,6500,South Point 400,Nasca,28.8,,
D,Erik Jones (44343093),Erik Jones,44343093,D,6300,South Point 400,Nasca,25.4,,
D,Zane Smith (44343094),Zane Smith,44343094,D,6200,South Point 400,Nasca,21.1,,
D,Michael McDowell (44343095),Michael McDowell,44343095,D,6100,South Point 400,Nasca,24.4,,
D,Riley Herbst (44343096),Riley Herbst,44343096,D,6000,South Point 400,Nasca,19.3,,
D,Austin Dillon (44343097),Austin Dillon,44343097,D,5900,South Point 400,Nasca,25.3,,
D,Connor Zilisch (44343098),Connor Zilisch,44343098,D,5800,South Point 400,Nasca,15.0,,
D,AJ Allmendinger (44343099),AJ Allmendinger,44343099,D,5700,South Point 400,Nasca,24.5,,
D,Austin Hill (44343100),Austin Hill,44343100,D,5600,South Point 400,Nasca,12.3,,
D,John H. Nemechek (44343101),John H. Nemechek,44343101,D,5500,South Point 400,Nasca,22.9,,
D,Noah Gragson (44343102),Noah Gragson,44343102,D,5400,South Point 400,Nasca,23.8,,
D,Todd Gilliland (44343103),Todd Gilliland,44343103,D,5300,South Point 400,Nasca,26.2,,
D,Ricky Stenhouse Jr (44343104),Ricky Stenhouse Jr,44343104,D,5200,South Point 400,Nasca,22.4,,
D,Ty Dillon (44343105),Ty Dillon,44343105,D,5000,South Point 400,Nasca,21.7,,
D,Cole Custer (44343106),Cole Custer,44343106,D,4800,South Point 400,Nasca,18.7,,
D,Cody Ware (44343107),Cody Ware,44343107,D,4500,South Point 400,Nasca,16.5,,
