Name,Lineups,Exposure,Salary,proj_dk,ceiling_p90,model_confidence
Ryan Blaney,10,1.0,10200,44.48906,72.9,0.615
Denny Hamlin,9,0.9,11000,58.540157,83.1,0.835
William Byron,8,0.8,9200,38.022396,68.6,0.615
Brad Keselowski,6,0.6,7000,31.906134,64.40498,0.505
Daniel Suarez,6,0.6,6600,30.8277,62.7,0.56
Chase Elliott,3,0.3,8500,36.054577,66.85,0.56
AJ Allmendinger,3,0.3,5700,25.936853,58.904984,0.505
Ty Gibbs,2,0.2,8900,36.237804,67.45,0.56
Chris Buescher,2,0.2,7600,27.571384,59.754982,0.56
Erik Jones,2,0.2,6300,26.961891,59.30498,0.505
Todd Gilliland,2,0.2,5300,25.782814,59.35,0.505
John H. Nemechek,2,0.2,5500,24.71627,57.7,0.505
Christopher Bell,1,0.1,10700,38.943634,66.65,0.7250000000000001
Michael McDowell,1,0.1,6100,25.36322,58.35,0.505
Ricky Stenhouse Jr,1,0.1,5200,23.422844,56.25,0.505
Ty Dillon,1,0.1,5000,22.603205,55.45,0.505
Cody Ware,1,0.1,4500,18.679058,51.30498,0.505
