Name,ID,Salary,AvgPointsPerGame,race_strength,dominator_strength,data_coverage,projected_start,proj_dk,floor_p20,ceiling_p90,win_pct,top5_pct,top10_pct,exp_finish,exp_laps_led,exp_fastest_laps,value_per_1k
Denny Hamlin,44343073,11000,55.1,2.2577559717160383,0.9923291165186847,4,18.5,61.47942,42.53,88.85,0.2326,0.575,0.7454,7.9228,30.419,15.9294,5.589038155295632
Ryan Blaney,44343076,10200,46.6,1.280942200398325,0.5000264027191559,2,18.5,47.101624,22.45,76.6,0.1008,0.3526,0.5602,11.9174,15.6352,11.2226,4.617806228936888
Kyle Larson,44343072,11500,38.7,0.7522866372901599,0.7650593307326312,4,18.5,40.22284,14.75,71.1,0.0448,0.2312,0.4282,14.7212,13.4966,10.389,3.4976382048233696
Tyler Reddick,44343075,10500,38.3,0.7550363191097822,0.29339285193004516,2,18.5,39.76437,15.4,69.40501,0.0424,0.2386,0.4386,14.3878,10.8744,9.2658,3.787082853771391
Christopher Bell,44343074,10700,41.6,0.8784868630463338,-0.5770174166240815,4,18.5,39.468845,16.09,67.45,0.0592,0.2678,0.4632,13.7828,7.4622,7.6412,3.688677137143144
William Byron,44343079,9200,30.7,0.6722546535495896,0.36224990896377546,2,18.5,39.30895,14.729999,69.65501,0.0502,0.2302,0.4276,14.6624,11.0946,9.378,4.272711795309316
Chase Briscoe,44343077,9900,36.8,0.6445798773453462,0.24289646364203663,2,18.5,37.608578,12.69,68.35,0.0388,0.2164,0.4034,15.2274,9.9662,8.9218,3.798846235178938
Chase Elliott,44343082,8500,33.9,0.5652517848683469,0.2206740132182973,2,18.5,36.815758,12.25,67.605,0.0408,0.2034,0.3786,15.5202,9.5694,8.7302,4.331265617819393
Bubba Wallace,44343083,8200,33.2,0.5501524786103161,0.23068437298122463,2,18.5,36.55669,11.99,66.8,0.0318,0.1948,0.385,15.612,9.3996,8.6996,4.458132953178592
Ty Gibbs,44343080,8900,36.2,0.5379329299753927,0.1887159916266644,2,18.5,36.39577,12.19,67.3,0.036,0.196,0.3802,15.658,9.272,8.6074,4.089412474900149
Brad Keselowski,44343088,7000,30.2,0.20130336694543197,0.08877460019054331,1,18.5,32.39494,8.65,64.05501,0.0242,0.1526,0.314,17.187,7.6802,7.7806,4.6278484889439175
Daniel Suarez,44343091,6600,30.4,0.16310480848060888,0.07138536514199326,2,18.5,31.338171,6.8,63.5,0.0232,0.1434,0.3058,17.6304,7.4332,7.6278,4.748207728068034
Joey Logano,44343078,9500,34.4,0.002277422179390691,-0.04976413646234576,2,18.5,29.127663,5.3799987,61.9,0.0222,0.1252,0.2706,18.459,6.4948,7.1084,3.0660697535464636
Shane Van Gisbergen,44343092,6500,28.8,-0.0803503673715063,-0.011005044651052662,1,18.5,28.283415,4.35,61.6,0.021,0.1194,0.261,18.854,6.481,7.0914,4.351294590876653
Ryan Preece,44343090,6700,32.0,-0.12479582451702267,-0.10464496908541115,2,18.5,28.031397,4.55,60.45,0.0154,0.1146,0.252,18.8724,5.9838,6.9116,4.1837905769917505
Austin Cindric,44343084,7900,31.1,-0.10567217333426333,-0.07335002834268331,2,18.5,27.776682,4.6,59.8,0.0162,0.1048,0.2454,19.0004,6.018,6.9154,3.516035683547394
Austin Dillon,44343097,5900,25.3,-0.13662224529398875,-0.043676531707848944,1,18.5,27.479294,4.6,59.205006,0.015,0.1,0.2382,19.1248,5.9874,6.845,4.657507427668167
Chris Buescher,44343085,7600,27.3,-0.19343871298226822,-0.10214600184235081,2,18.5,26.646029,3.7,58.86001,0.0118,0.0948,0.2344,19.451,5.6896,6.7032,3.5060563840364156
Erik Jones,44343093,6300,25.4,-0.1882577483692968,-0.05887738519937134,1,18.5,26.345997,3.7399993,58.655006,0.012,0.0936,0.2252,19.6006,5.6826,6.7488,4.18190426296658
Todd Gilliland,44343103,5300,26.2,-0.23737410001116246,-0.07019097890106603,1,18.5,26.02198,3.65,58.455006,0.0112,0.0904,0.219,19.735,5.6462,6.6684,4.9098076010650065
Alex Bowman,44343086,7300,24.4,-0.2360526107051438,-0.07782336334139818,0,18.5,25.972683,3.379999,58.6,0.0162,0.0954,0.216,19.7672,5.6586,6.6952,3.557901774367241
AJ Allmendinger,44343099,5700,24.5,-0.27676908359163377,-0.08971541980600599,1,18.5,25.931791,2.8,58.75,0.013,0.0972,0.2256,19.7578,5.6062,6.5992,4.549437071147718
Ross Chastain,44343087,7100,23.8,-0.27200888156586384,-0.09139681491122392,1,18.5,25.680536,2.6,58.155006,0.0122,0.09,0.211,19.8636,5.4644,6.6178,3.616976939456564
Michael McDowell,44343095,6100,24.4,-0.29792711510844544,-0.09657321316058047,1,18.5,25.108492,3.05,57.305004,0.015,0.0858,0.2046,20.1338,5.449,6.5868,4.116146212718526
Noah Gragson,44343102,5400,23.8,-0.3666404765356192,-0.1200730558111498,1,18.5,24.496674,2.0599976,57.65,0.0126,0.0858,0.201,20.3702,5.2678,6.4492,4.53642103407118
John H. Nemechek,44343101,5500,22.9,-0.360520216788201,-0.1222348495178586,1,18.5,24.469194,1.6,57.0,0.0106,0.0836,0.196,20.383,5.2536,6.4622,4.448944438587535
Carson Hocevar,44343081,8700,29.5,-0.3720449573560897,-0.1891534581604,2,18.5,24.082907,2.1,57.25,0.01,0.0846,0.1968,20.5066,5.048,6.3016,2.7681501980485588
Josh Berry,44343089,6900,23.7,-0.3805191545932189,-0.1247249844811146,1,18.5,24.030077,2.069998,56.4,0.0094,0.0764,0.1932,20.5484,5.13,6.3372,3.482619852259539
Zane Smith,44343094,6200,21.1,-0.4283525853446956,-0.15082294846198263,1,18.5,22.950342,0.5399994,56.35,0.0102,0.0764,0.1822,20.9988,4.9034,6.1668,3.7016680932814072
Ricky Stenhouse Jr,44343104,5200,22.4,-0.4517516674538351,-0.15211208692151157,1,18.5,22.886208,0.13999939,55.75,0.009,0.07,0.1808,21.0236,4.8462,6.1716,4.40119376549354
Ty Dillon,44343105,5000,21.7,-0.5270643534793967,-0.178057993557436,1,18.5,22.438547,-0.4,55.855003,0.0084,0.0712,0.1752,21.206,4.79,6.0658,4.487709426879883
Riley Herbst,44343096,6000,19.3,-0.6126546092485817,-0.21470488235986165,1,18.5,21.204918,-0.7,54.055004,0.0062,0.0632,0.1594,21.7194,4.4642,5.9068,3.5341529846191406
Cole Custer,44343106,4800,18.7,-0.6813679706757557,-0.23615915819873778,1,18.5,20.328545,-1.3,52.705006,0.0074,0.0606,0.149,22.0824,4.2684,5.769,4.235113461812338
Cody Ware,44343107,4500,16.5,-0.8847879395139805,-0.3096650501651208,1,18.5,18.076305,-2.45,49.4,0.005,0.0432,0.1194,23.0088,3.6998,5.3958,4.0169567532009545
Connor Zilisch,44343098,5800,15.0,-0.9619397481121601,-0.33973841589161835,1,18.5,16.864164,-2.9,47.305004,0.002,0.0356,0.105,23.5114,3.473,5.1998,2.9076145435201712
Austin Hill,44343100,5600,12.3,-1.0345708871100545,-0.37379710556936574,0,18.5,16.210371,-3.55,48.0,0.0032,0.0362,0.1088,23.7924,3.3914,5.0896,2.8947091102600098
