Lineup,Drivers,Salary,Projected,CeilingScore,IDs
1,Denny Hamlin | Ryan Blaney | Chase Elliott | Bubba Wallace | Daniel Suarez | Todd Gilliland,49800,238.64,421.05,44343073 | 44343076 | 44343082 | 44343083 | 44343091 | 44343103
2,Denny Hamlin | Ryan Blaney | William Byron | Chase Elliott | Todd Gilliland | AJ Allmendinger,49900,237.13,418.95,44343073 | 44343076 | 44343079 | 44343082 | 44343103 | 44343099
3,Denny Hamlin | Ryan Blaney | Chase Elliott | Daniel Suarez | Shane Van Gisbergen | Brad Keselowski,49800,235.6,418.1,44343073 | 44343076 | 44343082 | 44343091 | 44343092 | 44343088
4,Denny Hamlin | Ryan Blaney | William Byron | Bubba Wallace | Todd Gilliland | Austin Dillon,49800,235.44,418.0,44343073 | 44343076 | 44343079 | 44343083 | 44343103 | 44343097
5,Denny Hamlin | Ryan Blaney | Chase Elliott | Bubba Wallace | Shane Van Gisbergen | Noah Gragson,49800,235.37,417.9,44343073 | 44343076 | 44343082 | 44343083 | 44343092 | 44343102
6,Denny Hamlin | Ryan Blaney | Chase Elliott | Ty Gibbs | Todd Gilliland | Austin Dillon,49800,235.12,417.8,44343073 | 44343076 | 44343082 | 44343080 | 44343103 | 44343097
7,Denny Hamlin | Ryan Blaney | William Byron | Daniel Suarez | Shane Van Gisbergen | Todd Gilliland,48800,235.3,417.75,44343073 | 44343076 | 44343079 | 44343091 | 44343092 | 44343103
8,Denny Hamlin | Ryan Blaney | William Byron | Ty Gibbs | Todd Gilliland | Noah Gragson,50000,235.08,417.35,44343073 | 44343076 | 44343079 | 44343080 | 44343103 | 44343102
9,Denny Hamlin | Ryan Blaney | William Byron | Chase Elliott | Austin Dillon | Ricky Stenhouse Jr,50000,234.81,416.66,44343073 | 44343076 | 44343079 | 44343082 | 44343097 | 44343104
10,Denny Hamlin | William Byron | Chase Elliott | Bubba Wallace | Daniel Suarez | Shane Van Gisbergen,50000,233.25,416.6,44343073 | 44343079 | 44343082 | 44343083 | 44343091 | 44343092
