Name,single_lap_rank,avg5_rank,avg10_rank,avg15_rank,avg20_rank,qualifying_position
Kyle Larson,,,,,,
Denny Hamlin,,,,,,
Christopher Bell,,,,,,
Tyler Reddick,,,,,,
Ryan Blaney,,,,,,
Chase Briscoe,,,,,,
Joey Logano,,,,,,
William Byron,,,,,,
Ty Gibbs,,,,,,
Carson Hocevar,,,,,,
Chase Elliott,,,,,,
Bubba Wallace,,,,,,
Austin Cindric,,,,,,
Chris Buescher,,,,,,
Alex Bowman,,,,,,
Ross Chastain,,,,,,
Brad Keselowski,,,,,,
Josh Berry,,,,,,
Ryan Preece,,,,,,
Daniel Suarez,,,,,,
Shane Van Gisbergen,,,,,,
Erik Jones,,,,,,
Zane Smith,,,,,,
Michael McDowell,,,,,,
Riley Herbst,,,,,,
Austin Dillon,,,,,,
Connor Zilisch,,,,,,
AJ Allmendinger,,,,,,
Austin Hill,,,,,,
John H. Nemechek,,,,,,
Noah Gragson,,,,,,
Todd Gilliland,,,,,,
Ricky Stenhouse Jr,,,,,,
Ty Dillon,,,,,,
Cole Custer,,,,,,
Cody Ware,,,,,,
