track,laps,track_length,banking,road_course,tire_wear,passing_difficulty,volatility,restart_volatility,pit_importance,weight_practice,weight_qualifying,dominator_weight_speed,dominator_weight_intermediate,dominator_weight_vegas,dominator_weight_start
Atlanta Motor Speedway,260,1.54,28,0,0.35,0.55,1.15,0.8,0.55,0.08,0.06,0.35,0.3,0.2,0.15
Bristol Motor Speedway,500,0.533,28,0,0.8,0.72,1.05,0.7,0.65,0.08,0.06,0.35,0.3,0.2,0.15
Charlotte Motor Speedway,400,1.5,24,0,0.55,0.5,0.9,0.55,0.6,0.08,0.06,0.35,0.3,0.2,0.15
Chicago Street Course,75,2.2,0,1,0.45,0.75,1.15,0.75,0.7,0.08,0.06,0.35,0.3,0.2,0.15
Circuit of the Americas,68,3.41,0,1,0.45,0.55,1.0,0.65,0.7,0.08,0.06,0.35,0.3,0.2,0.15
Darlington Raceway,293,1.366,25,0,0.95,0.62,1.0,0.6,0.65,0.08,0.06,0.35,0.3,0.2,0.15
Daytona International Speedway,160,2.5,31,0,0.25,0.45,1.35,0.95,0.6,0.08,0.06,0.35,0.3,0.2,0.15
Dover Motor Speedway,400,1.0,24,0,0.75,0.65,1.05,0.7,0.65,0.08,0.06,0.35,0.3,0.2,0.15
Homestead-Miami Speedway,267,1.5,20,0,0.9,0.45,0.95,0.55,0.6,0.08,0.06,0.35,0.3,0.2,0.15
Indianapolis Motor Speedway,160,2.5,9,0,0.45,0.7,0.95,0.55,0.7,0.08,0.06,0.35,0.3,0.2,0.15
Iowa Speedway,350,0.875,14,0,0.8,0.6,1.05,0.7,0.6,0.08,0.06,0.35,0.3,0.2,0.15
Kansas Speedway,267,1.5,20,0,0.65,0.42,0.95,0.6,0.6,0.08,0.06,0.35,0.3,0.2,0.15
Las Vegas Motor Speedway,267,1.5,20,0,0.6,0.48,0.95,0.55,0.6,0.08,0.06,0.35,0.3,0.2,0.15
Martinsville Speedway,500,0.526,12,0,0.65,0.82,1.05,0.7,0.7,0.08,0.06,0.35,0.3,0.2,0.15
Michigan International Speedway,200,2.0,18,0,0.45,0.48,0.95,0.55,0.55,0.08,0.06,0.35,0.3,0.2,0.15
Nashville Superspeedway,300,1.333,14,0,0.7,0.62,1.0,0.65,0.65,0.08,0.06,0.35,0.3,0.2,0.15
New Hampshire Motor Speedway,301,1.058,7,0,0.55,0.78,0.95,0.55,0.65,0.08,0.06,0.35,0.3,0.2,0.15
Phoenix Raceway,312,1.0,11,0,0.55,0.72,0.95,0.65,0.65,0.08,0.06,0.35,0.3,0.2,0.15
Pocono Raceway,160,2.5,14,0,0.45,0.6,0.95,0.55,0.65,0.08,0.06,0.35,0.3,0.2,0.15
Richmond Raceway,400,0.75,14,0,0.85,0.68,0.95,0.6,0.65,0.08,0.06,0.35,0.3,0.2,0.15
Sonoma Raceway,110,1.99,0,1,0.55,0.55,1.0,0.65,0.7,0.08,0.06,0.35,0.3,0.2,0.15
Talladega Superspeedway,188,2.66,33,0,0.2,0.42,1.4,1.0,0.55,0.08,0.06,0.35,0.3,0.2,0.15
Texas Motor Speedway,267,1.5,20,0,0.55,0.68,1.05,0.65,0.6,0.08,0.06,0.35,0.3,0.2,0.15
Watkins Glen International,90,2.45,0,1,0.45,0.5,0.95,0.6,0.7,0.08,0.06,0.35,0.3,0.2,0.15
